[{"model": "admin.logentry", "pk": 1, "fields": {"action_time": "2024-10-17T10:41:21.963Z", "user": 1, "content_type": 7, "object_id": "1", "object_repr": "Cars", "action_flag": 1, "change_message": "[{\"added\": {}}]"}}, {"model": "admin.logentry", "pk": 2, "fields": {"action_time": "2024-10-17T10:42:04.048Z", "user": 1, "content_type": 7, "object_id": "2", "object_repr": "Coffee Machines", "action_flag": 1, "change_message": "[{\"added\": {}}]"}}, {"model": "admin.logentry", "pk": 3, "fields": {"action_time": "2024-10-17T10:44:19.681Z", "user": 1, "content_type": 7, "object_id": "3", "object_repr": "Diet & Weight Loss", "action_flag": 1, "change_message": "[{\"added\": {}}]"}}, {"model": "admin.logentry", "pk": 4, "fields": {"action_time": "2024-10-17T10:44:48.814Z", "user": 1, "content_type": 7, "object_id": "4", "object_repr": "Cosmetics", "action_flag": 1, "change_message": "[{\"added\": {}}]"}}, {"model": "admin.logentry", "pk": 5, "fields": {"action_time": "2024-10-17T10:45:04.734Z", "user": 1, "content_type": 7, "object_id": "5", "object_repr": "Foods", "action_flag": 1, "change_message": "[{\"added\": {}}]"}}, {"model": "admin.logentry", "pk": 6, "fields": {"action_time": "2024-10-17T10:45:39.070Z", "user": 1, "content_type": 7, "object_id": "6", "object_repr": "Electronics", "action_flag": 1, "change_message": "[{\"added\": {}}]"}}, {"model": "admin.logentry", "pk": 7, "fields": {"action_time": "2024-10-17T10:45:58.939Z", "user": 1, "content_type": 7, "object_id": "7", "object_repr": "Phone & Gadgets", "action_flag": 1, "change_message": "[{\"added\": {}}]"}}, {"model": "admin.logentry", "pk": 8, "fields": {"action_time": "2024-10-17T10:46:17.318Z", "user": 1, "content_type": 7, "object_id": "8", "object_repr": "Services", "action_flag": 1, "change_message": "[{\"added\": {}}]"}}, {"model": "admin.logentry", "pk": 9, "fields": {"action_time": "2024-10-20T20:43:20.110Z", "user": 1, "content_type": 9, "object_id": "2", "object_repr": "Great Product by admin", "action_flag": 1, "change_message": "[{\"added\": {}}]"}}, {"model": "admin.logentry", "pk": 10, "fields": {"action_time": "2024-10-22T16:19:26.292Z", "user": 1, "content_type": 9, "object_id": "2", "object_repr": "Great Product by Lordknows", "action_flag": 2, "change_message": "[{\"changed\": {\"fields\": [\"User\"]}}]"}}, {"model": "admin.logentry", "pk": 11, "fields": {"action_time": "2024-11-03T11:00:55.948Z", "user": 1, "content_type": 9, "object_id": "2", "object_repr": "Great Product by Lordknows", "action_flag": 2, "change_message": "[{\"changed\": {\"fields\": [\"Comment\"]}}]"}}, {"model": "admin.logentry", "pk": 12, "fields": {"action_time": "2024-11-03T12:46:50.238Z", "user": 1, "content_type": 14, "object_id": "19", "object_repr": "comment by Bornorbang", "action_flag": 2, "change_message": "[{\"changed\": {\"fields\": [\"Review\"]}}]"}}, {"model": "admin.logentry", "pk": 13, "fields": {"action_time": "2024-11-03T12:47:24.505Z", "user": 1, "content_type": 14, "object_id": "21", "object_repr": "comment by Bornorbang", "action_flag": 2, "change_message": "[{\"changed\": {\"fields\": [\"Review\"]}}]"}}, {"model": "admin.logentry", "pk": 14, "fields": {"action_time": "2024-11-03T12:53:19.635Z", "user": 1, "content_type": 14, "object_id": "20", "object_repr": "comment by Bornorbang", "action_flag": 2, "change_message": "[{\"changed\": {\"fields\": [\"Review\"]}}]"}}, {"model": "admin.logentry", "pk": 15, "fields": {"action_time": "2024-11-03T13:06:18.662Z", "user": 1, "content_type": 14, "object_id": "24", "object_repr": "comment by Bornorbang", "action_flag": 2, "change_message": "[{\"changed\": {\"fields\": [\"Review\"]}}]"}}, {"model": "admin.logentry", "pk": 16, "fields": {"action_time": "2024-11-03T15:18:16.458Z", "user": 1, "content_type": 9, "object_id": "5", "object_repr": "2222 by Bornorbang", "action_flag": 3, "change_message": ""}}, {"model": "admin.logentry", "pk": 17, "fields": {"action_time": "2024-11-03T15:18:16.458Z", "user": 1, "content_type": 9, "object_id": "4", "object_repr": "3333 by Bornorbang", "action_flag": 3, "change_message": ""}}, {"model": "admin.logentry", "pk": 18, "fields": {"action_time": "2024-11-11T20:15:33.318Z", "user": 1, "content_type": 4, "object_id": "7", "object_repr": "Bornorbaang", "action_flag": 3, "change_message": ""}}, {"model": "auth.permission", "pk": 1, "fields": {"name": "Can add log entry", "content_type": 1, "codename": "add_logentry"}}, {"model": "auth.permission", "pk": 2, "fields": {"name": "Can change log entry", "content_type": 1, "codename": "change_logentry"}}, {"model": "auth.permission", "pk": 3, "fields": {"name": "Can delete log entry", "content_type": 1, "codename": "delete_logentry"}}, {"model": "auth.permission", "pk": 4, "fields": {"name": "Can view log entry", "content_type": 1, "codename": "view_logentry"}}, {"model": "auth.permission", "pk": 5, "fields": {"name": "Can add permission", "content_type": 2, "codename": "add_permission"}}, {"model": "auth.permission", "pk": 6, "fields": {"name": "Can change permission", "content_type": 2, "codename": "change_permission"}}, {"model": "auth.permission", "pk": 7, "fields": {"name": "Can delete permission", "content_type": 2, "codename": "delete_permission"}}, {"model": "auth.permission", "pk": 8, "fields": {"name": "Can view permission", "content_type": 2, "codename": "view_permission"}}, {"model": "auth.permission", "pk": 9, "fields": {"name": "Can add group", "content_type": 3, "codename": "add_group"}}, {"model": "auth.permission", "pk": 10, "fields": {"name": "Can change group", "content_type": 3, "codename": "change_group"}}, {"model": "auth.permission", "pk": 11, "fields": {"name": "Can delete group", "content_type": 3, "codename": "delete_group"}}, {"model": "auth.permission", "pk": 12, "fields": {"name": "Can view group", "content_type": 3, "codename": "view_group"}}, {"model": "auth.permission", "pk": 13, "fields": {"name": "Can add user", "content_type": 4, "codename": "add_user"}}, {"model": "auth.permission", "pk": 14, "fields": {"name": "Can change user", "content_type": 4, "codename": "change_user"}}, {"model": "auth.permission", "pk": 15, "fields": {"name": "Can delete user", "content_type": 4, "codename": "delete_user"}}, {"model": "auth.permission", "pk": 16, "fields": {"name": "Can view user", "content_type": 4, "codename": "view_user"}}, {"model": "auth.permission", "pk": 17, "fields": {"name": "Can add content type", "content_type": 5, "codename": "add_contenttype"}}, {"model": "auth.permission", "pk": 18, "fields": {"name": "Can change content type", "content_type": 5, "codename": "change_contenttype"}}, {"model": "auth.permission", "pk": 19, "fields": {"name": "Can delete content type", "content_type": 5, "codename": "delete_contenttype"}}, {"model": "auth.permission", "pk": 20, "fields": {"name": "Can view content type", "content_type": 5, "codename": "view_contenttype"}}, {"model": "auth.permission", "pk": 21, "fields": {"name": "Can add session", "content_type": 6, "codename": "add_session"}}, {"model": "auth.permission", "pk": 22, "fields": {"name": "Can change session", "content_type": 6, "codename": "change_session"}}, {"model": "auth.permission", "pk": 23, "fields": {"name": "Can delete session", "content_type": 6, "codename": "delete_session"}}, {"model": "auth.permission", "pk": 24, "fields": {"name": "Can view session", "content_type": 6, "codename": "view_session"}}, {"model": "auth.permission", "pk": 25, "fields": {"name": "Can add category", "content_type": 7, "codename": "add_category"}}, {"model": "auth.permission", "pk": 26, "fields": {"name": "Can change category", "content_type": 7, "codename": "change_category"}}, {"model": "auth.permission", "pk": 27, "fields": {"name": "Can delete category", "content_type": 7, "codename": "delete_category"}}, {"model": "auth.permission", "pk": 28, "fields": {"name": "Can view category", "content_type": 7, "codename": "view_category"}}, {"model": "auth.permission", "pk": 29, "fields": {"name": "Can add general info", "content_type": 8, "codename": "add_generalinfo"}}, {"model": "auth.permission", "pk": 30, "fields": {"name": "Can change general info", "content_type": 8, "codename": "change_generalinfo"}}, {"model": "auth.permission", "pk": 31, "fields": {"name": "Can delete general info", "content_type": 8, "codename": "delete_generalinfo"}}, {"model": "auth.permission", "pk": 32, "fields": {"name": "Can view general info", "content_type": 8, "codename": "view_generalinfo"}}, {"model": "auth.permission", "pk": 33, "fields": {"name": "Can add review", "content_type": 9, "codename": "add_review"}}, {"model": "auth.permission", "pk": 34, "fields": {"name": "Can change review", "content_type": 9, "codename": "change_review"}}, {"model": "auth.permission", "pk": 35, "fields": {"name": "Can delete review", "content_type": 9, "codename": "delete_review"}}, {"model": "auth.permission", "pk": 36, "fields": {"name": "Can view review", "content_type": 9, "codename": "view_review"}}, {"model": "auth.permission", "pk": 37, "fields": {"name": "Can add user profile", "content_type": 10, "codename": "add_userprofile"}}, {"model": "auth.permission", "pk": 38, "fields": {"name": "Can change user profile", "content_type": 10, "codename": "change_userprofile"}}, {"model": "auth.permission", "pk": 39, "fields": {"name": "Can delete user profile", "content_type": 10, "codename": "delete_userprofile"}}, {"model": "auth.permission", "pk": 40, "fields": {"name": "Can view user profile", "content_type": 10, "codename": "view_userprofile"}}, {"model": "auth.permission", "pk": 41, "fields": {"name": "Can add message", "content_type": 11, "codename": "add_message"}}, {"model": "auth.permission", "pk": 42, "fields": {"name": "Can change message", "content_type": 11, "codename": "change_message"}}, {"model": "auth.permission", "pk": 43, "fields": {"name": "Can delete message", "content_type": 11, "codename": "delete_message"}}, {"model": "auth.permission", "pk": 44, "fields": {"name": "Can view message", "content_type": 11, "codename": "view_message"}}, {"model": "auth.permission", "pk": 45, "fields": {"name": "Can add room", "content_type": 12, "codename": "add_room"}}, {"model": "auth.permission", "pk": 46, "fields": {"name": "Can change room", "content_type": 12, "codename": "change_room"}}, {"model": "auth.permission", "pk": 47, "fields": {"name": "Can delete room", "content_type": 12, "codename": "delete_room"}}, {"model": "auth.permission", "pk": 48, "fields": {"name": "Can view room", "content_type": 12, "codename": "view_room"}}, {"model": "auth.permission", "pk": 49, "fields": {"name": "Can add roommessage", "content_type": 13, "codename": "add_roommessage"}}, {"model": "auth.permission", "pk": 50, "fields": {"name": "Can change roommessage", "content_type": 13, "codename": "change_roommessage"}}, {"model": "auth.permission", "pk": 51, "fields": {"name": "Can delete roommessage", "content_type": 13, "codename": "delete_roommessage"}}, {"model": "auth.permission", "pk": 52, "fields": {"name": "Can view roommessage", "content_type": 13, "codename": "view_roommessage"}}, {"model": "auth.permission", "pk": 53, "fields": {"name": "Can add comment", "content_type": 14, "codename": "add_comment"}}, {"model": "auth.permission", "pk": 54, "fields": {"name": "Can change comment", "content_type": 14, "codename": "change_comment"}}, {"model": "auth.permission", "pk": 55, "fields": {"name": "Can delete comment", "content_type": 14, "codename": "delete_comment"}}, {"model": "auth.permission", "pk": 56, "fields": {"name": "Can view comment", "content_type": 14, "codename": "view_comment"}}, {"model": "auth.permission", "pk": 57, "fields": {"name": "Can add password reset", "content_type": 15, "codename": "add_passwordreset"}}, {"model": "auth.permission", "pk": 58, "fields": {"name": "Can change password reset", "content_type": 15, "codename": "change_passwordreset"}}, {"model": "auth.permission", "pk": 59, "fields": {"name": "Can delete password reset", "content_type": 15, "codename": "delete_passwordreset"}}, {"model": "auth.permission", "pk": 60, "fields": {"name": "Can view password reset", "content_type": 15, "codename": "view_passwordreset"}}, {"model": "auth.permission", "pk": 61, "fields": {"name": "Can add newsletter", "content_type": 16, "codename": "add_newsletter"}}, {"model": "auth.permission", "pk": 62, "fields": {"name": "Can change newsletter", "content_type": 16, "codename": "change_newsletter"}}, {"model": "auth.permission", "pk": 63, "fields": {"name": "Can delete newsletter", "content_type": 16, "codename": "delete_newsletter"}}, {"model": "auth.permission", "pk": 64, "fields": {"name": "Can view newsletter", "content_type": 16, "codename": "view_newsletter"}}, {"model": "auth.user", "pk": 1, "fields": {"password": "pbkdf2_sha256$870000$QrkSDdNzToaL8bQa6Txp98$qoHxPSU+BgB0HlL/YWaPRXnLnf8oWro0nY0TcY15roE=", "last_login": "2024-11-12T17:03:52.568Z", "is_superuser": true, "username": "admin", "first_name": "", "last_name": "", "email": "", "is_staff": true, "is_active": true, "date_joined": "2024-10-17T10:40:08.145Z", "groups": [], "user_permissions": []}}, {"model": "auth.user", "pk": 2, "fields": {"password": "pbkdf2_sha256$870000$57hKi03e8DJXFa4TKduZND$GZ1u/jnmNJihi2Inbmj08YN554S+hmA2vFJZP2TsWXo=", "last_login": "2024-11-11T20:16:43.140Z", "is_superuser": false, "username": "Bornorbang", "first_name": "", "last_name": "", "email": "Bornorbang@gmail.com", "is_staff": false, "is_active": true, "date_joined": "2024-10-17T10:47:05.674Z", "groups": [], "user_permissions": []}}, {"model": "auth.user", "pk": 3, "fields": {"password": "pbkdf2_sha256$870000$eMYt9YK3C8ufbdUCdTb32H$R81jedomzvMMzDpp/1iM4ZVcp9HK0Lld/i4ieVOe8us=", "last_login": "2024-10-19T12:26:53.907Z", "is_superuser": false, "username": "Fabricetamgue11ss@gmail.com", "first_name": "", "last_name": "", "email": "Fabricetamgue11ss@gmail.com", "is_staff": false, "is_active": true, "date_joined": "2024-10-17T20:44:40.848Z", "groups": [], "user_permissions": []}}, {"model": "auth.user", "pk": 4, "fields": {"password": "pbkdf2_sha256$870000$mAnpfxX7c4PkITE0NJE2Zc$Y6oDshU8oFns9RograYGuERMa7xL4pySrTY0EmTbA6U=", "last_login": "2024-10-19T07:57:07.587Z", "is_superuser": false, "username": "Lordknows", "first_name": "", "last_name": "", "email": "Lordknows@gmail.com", "is_staff": false, "is_active": true, "date_joined": "2024-10-19T07:56:59.631Z", "groups": [], "user_permissions": []}}, {"model": "auth.user", "pk": 5, "fields": {"password": "pbkdf2_sha256$870000$GfMktBdYD8GVfyzWxezlPj$mhcXi9WNpTxDvHr+G8MZ/ELfJmEnI7x332Si43yoyNU=", "last_login": "2024-10-21T01:38:31.759Z", "is_superuser": false, "username": "Siggynigeria@gmail.com", "first_name": "", "last_name": "", "email": "Siggynigeria@gmail.com", "is_staff": false, "is_active": true, "date_joined": "2024-10-21T01:37:42.921Z", "groups": [], "user_permissions": []}}, {"model": "auth.user", "pk": 6, "fields": {"password": "pbkdf2_sha256$870000$lioI4Uvqmc1rANzY2e8Q37$K+U2QNOPZqyGfGt94Dr8Lmql4ixGhEOLXYk2liaIBBY=", "last_login": "2024-11-03T22:30:20.479Z", "is_superuser": false, "username": "Matthew", "first_name": "", "last_name": "", "email": "nwabuezematthew6@gmail.com", "is_staff": false, "is_active": true, "date_joined": "2024-11-03T22:26:47.708Z", "groups": [], "user_permissions": []}}, {"model": "auth.user", "pk": 8, "fields": {"password": "pbkdf2_sha256$870000$X0uR8nUvMSdMfQQcpaNr5n$uenTnHFkXhzpBiO9FQ/avlCA2ApbQt+BLnVprpb9Tns=", "last_login": null, "is_superuser": false, "username": "weed", "first_name": "", "last_name": "", "email": "Bornorbaeeeeeng@gmail.com", "is_staff": false, "is_active": true, "date_joined": "2024-11-11T17:04:29.251Z", "groups": [], "user_permissions": []}}, {"model": "contenttypes.contenttype", "pk": 1, "fields": {"app_label": "admin", "model": "logentry"}}, {"model": "contenttypes.contenttype", "pk": 2, "fields": {"app_label": "auth", "model": "permission"}}, {"model": "contenttypes.contenttype", "pk": 3, "fields": {"app_label": "auth", "model": "group"}}, {"model": "contenttypes.contenttype", "pk": 4, "fields": {"app_label": "auth", "model": "user"}}, {"model": "contenttypes.contenttype", "pk": 5, "fields": {"app_label": "contenttypes", "model": "contenttype"}}, {"model": "contenttypes.contenttype", "pk": 6, "fields": {"app_label": "sessions", "model": "session"}}, {"model": "contenttypes.contenttype", "pk": 7, "fields": {"app_label": "app", "model": "category"}}, {"model": "contenttypes.contenttype", "pk": 8, "fields": {"app_label": "app", "model": "generalinfo"}}, {"model": "contenttypes.contenttype", "pk": 9, "fields": {"app_label": "app", "model": "review"}}, {"model": "contenttypes.contenttype", "pk": 10, "fields": {"app_label": "app", "model": "userprofile"}}, {"model": "contenttypes.contenttype", "pk": 11, "fields": {"app_label": "app", "model": "message"}}, {"model": "contenttypes.contenttype", "pk": 12, "fields": {"app_label": "app", "model": "room"}}, {"model": "contenttypes.contenttype", "pk": 13, "fields": {"app_label": "app", "model": "roommessage"}}, {"model": "contenttypes.contenttype", "pk": 14, "fields": {"app_label": "app", "model": "comment"}}, {"model": "contenttypes.contenttype", "pk": 15, "fields": {"app_label": "app", "model": "passwordreset"}}, {"model": "contenttypes.contenttype", "pk": 16, "fields": {"app_label": "app", "model": "newsletter"}}, {"model": "sessions.session", "pk": "7rgts0pmofpuyhht4n7wsn67ofd9k98y", "fields": {"session_data": "e30:1t1Xtt:-mcwnPlAz2OXANoDWyF5TM298Knvkc8PFlhsXwpiRrI", "expire_date": "2024-10-31T21:19:17.093Z"}}, {"model": "sessions.session", "pk": "7ue5sqz9zdjal8wr32adfah09pd4tnjz", "fields": {"session_data": "e30:1t7Y3n:r2b7Po4mWuxwEoO-ukHvO3HxEK4_Vqq1fsnVdF1xisY", "expire_date": "2024-11-17T10:42:19.824Z"}}, {"model": "sessions.session", "pk": "8zv0sieg5939px2j0wytqrui3bbdqiww", "fields": {"session_data": "e30:1tBE01:pKKoFkqqKpf-MrjC6MM9UCgGbfmAPfxWB1lgX_JTy80", "expire_date": "2024-11-27T14:05:37.982Z"}}, {"model": "sessions.session", "pk": "9kv0bg1ghgicxd2j4dsudfh9egxtnh6g", "fields": {"session_data": "e30:1t1Xhb:XoADwGS40czFE-onBm7xbp8V3thsbfwZ19xb_37yPoo", "expire_date": "2024-10-31T21:06:35.714Z"}}, {"model": "sessions.session", "pk": "cvcc9o2a9agxzsvlfv6apkoqgbi9q1dm", "fields": {"session_data": "e30:1tAaq5:QX8MDpW_0oiBON8SQ76VmE7vb-EHsVB5zJxMeBYUgxY", "expire_date": "2024-11-25T20:16:45.696Z"}}, {"model": "sessions.session", "pk": "fa4vni0xcq5ek7d5o0b17f3g43zceawq", "fields": {"session_data": "e30:1t1XuD:IRT3tOF68I1jUA1vCBVs8c5nNFUazrroeDIp3krtNSc", "expire_date": "2024-10-31T21:19:37.522Z"}}, {"model": "sessions.session", "pk": "fp0aiatjiedpdpuf1768n1j7xi2gcfsw", "fields": {"session_data": "e30:1t7ahc:yGf_ctkBznBGn6akHFALwJq-o4ugvH8ynKYK4Z9hxs8", "expire_date": "2024-11-17T13:31:36.824Z"}}, {"model": "sessions.session", "pk": "h31w0mp222hzes97nvandyla0e9nj0fa", "fields": {"session_data": "e30:1t1Y1v:QxWhklJ1x-B0h6dZ4ZtCpZd7BBofJHpyjW-Xxt_8I8c", "expire_date": "2024-10-31T21:27:35.745Z"}}, {"model": "sessions.session", "pk": "h9f1lfiezrhfsugkm3jz3zlzdkyrafty", "fields": {"session_data": ".eJxVjEEOwiAQAP_C2RDYAgWP3n0DWWCRqoGktCfj35WkB73OTObFPO5b8Xun1S-JnZlip18WMD6oDpHuWG-Nx1a3dQl8JPywnV9bouflaP8GBXsZWw3CYsCEQlsntTOTtJgJlMsWQBlFOsx2nkwAR1l8LeTopDGTSC4G9v4Av5028w:1t2B4I:8WV0cqBON6HW1iXsUL1tI09nN8Nr5Vj8DLwBJEDHr9w", "expire_date": "2024-11-02T15:08:38.366Z"}}, {"model": "sessions.session", "pk": "k9bzap16qbjxd3qmhso95d9dhdkqx6rk", "fields": {"session_data": "e30:1t1Y1k:kwxH09jXGOuyMCoX2OPOnhB1oPutViiBPIJst2ggO3g", "expire_date": "2024-10-31T21:27:24.468Z"}}, {"model": "sessions.session", "pk": "m9b9tsd6klfr54nqs784176kugmuuek9", "fields": {"session_data": "e30:1t1XkX:UXpa9vwDBeyJ5AzDgNBrfalvn90MbsoMkbY0T-D1yxg", "expire_date": "2024-10-31T21:09:37.212Z"}}, {"model": "sessions.session", "pk": "mt0wsp4l59rmmrnt4qcaxfaafrhvpwx8", "fields": {"session_data": "e30:1t2gTB:E-VGnON31j14ghk88TS_vnJR6p0ZmxbiCsqBpBABaV4", "expire_date": "2024-11-04T00:40:25.078Z"}}, {"model": "sessions.session", "pk": "uwcg0jezbhd6xkpn4ve25smdnpmjukcj", "fields": {"session_data": "e30:1t1Xu0:TRwebrXZInWuuX9AxSb8QXzPUISnjpGuGh7TZfWjf7E", "expire_date": "2024-10-31T21:19:24.421Z"}}, {"model": "sessions.session", "pk": "uz2venfbojmuacthbmpc19yowu6o0m8g", "fields": {"session_data": "e30:1t1Y2v:kYHKbnpzNn3f_xHpmqMRJS2yM6nz6e1lvQ9GGs1YNo0", "expire_date": "2024-10-31T21:28:37.380Z"}}, {"model": "sessions.session", "pk": "wpazbty52i95g06lvllkf4pfc4n8x529", "fields": {"session_data": ".eJxVjMsOwiAQAP-FsyG82mU9eu83NMAuUjWQlPZk_HfTpAe9zkzmLeawb2XeO6_zQuIqjLj8shjSk-sh6BHqvcnU6rYuUR6JPG2XUyN-3c72b1BCL8d2HAjBZR9NTqSsIwBQo0rRqajdoE0wiADoh8w-Y2DmERwTWgVWG_H5AswZNy4:1t5kCz:RSH9wR9V869N1CdPKEsX8D3XeRVtE5UfI3ok3e2iCKU", "expire_date": "2024-11-12T11:16:21.757Z"}}, {"model": "app.userprofile", "pk": 1, "fields": {"user": 2, "phone": "09058991274", "state": "Abuja", "profile_picture": "profile_pictures/rsz_helenas_closet_05.jpg"}}, {"model": "app.userprofile", "pk": 2, "fields": {"user": 3, "phone": "08148882309", "state": "Benue", "profile_picture": "profile_pictures/IMG_3600_pEnKbLh.jpg"}}, {"model": "app.userprofile", "pk": 3, "fields": {"user": 4, "phone": "333333333", "state": "Edo", "profile_picture": "profile_pictures/CRIMES.png"}}, {"model": "app.userprofile", "pk": 4, "fields": {"user": 5, "phone": "08148882309", "state": "Benue", "profile_picture": "profile_pictures/IMG_4703.jpg"}}, {"model": "app.userprofile", "pk": 5, "fields": {"user": 6, "phone": "08148882303", "state": "Benue", "profile_picture": "profile_pictures/Nigerian-police.jpg"}}, {"model": "app.userprofile", "pk": 7, "fields": {"user": 8, "phone": "08148882303", "state": "Benue", "profile_picture": "profile_pictures/TELL_THE_WORLD_ABOUT_THAT_PRODUCT_YOU_PURCHASED_Ly1Rmi8.png"}}, {"model": "app.category", "pk": 1, "fields": {"name": "Cars", "image_url": "https://images.autotrader.com/hn/c/f723ba56de924a3da354428a4fd06540.jpg"}}, {"model": "app.category", "pk": 2, "fields": {"name": "Coffee Machines", "image_url": "https://cdn.productreview.com.au/resize/featured-category-picture/coffee-machines?cover=true&height=200&quality=60&v=2&width=500"}}, {"model": "app.category", "pk": 3, "fields": {"name": "Diet & Weight Loss", "image_url": "https://cdn.productreview.com.au/resize/featured-category-picture/diets-weight-loss?cover=true&height=200&quality=60&v=2&width=500"}}, {"model": "app.category", "pk": 4, "fields": {"name": "Cosmetics", "image_url": "https://franchiseindia.s3.ap-south-1.amazonaws.com/uploads/content/wi/art/5b0be03cefcc8.jpg"}}, {"model": "app.category", "pk": 5, "fields": {"name": "Foods", "image_url": "https://www.usatoday.com/gcdn/authoring/authoring-images/2024/02/29/USAT/72788592007-getty-images-1407832840.jpg"}}, {"model": "app.category", "pk": 6, "fields": {"name": "Electronics", "image_url": "https://t4.ftcdn.net/jpg/03/64/41/07/360_F_364410756_Ev3WoDfNyxO9c9n4tYIsU5YBQWAP3UF8.jpg"}}, {"model": "app.category", "pk": 7, "fields": {"name": "Phone & Gadgets", "image_url": "https://m-cdn.phonearena.com/images/article/64576-wide-two_1200/The-Best-Phones-to-buy-in-2024.jpg"}}, {"model": "app.category", "pk": 8, "fields": {"name": "Services", "image_url": "https://s7280.pcdn.co/wp-content/uploads/2019/08/defining-what-is-an-it-service.png"}}, {"model": "app.review", "pk": 1, "fields": {"user": 2, "product_name": "HP Laptop", "brand": "HP", "category": 7, "seller": "Uchechukwu stores", "title": "Great", "picture": "reviews/IMG_4703.jpg", "review": "It is exactly what I want", "ip": "127.0.0.1", "created_at": "2024-10-17T10:49:34.329Z", "updated_at": "2024-10-17T10:49:34.329Z", "status": true, "rating": 5}}, {"model": "app.review", "pk": 2, "fields": {"user": 4, "product_name": "HP Laptop", "brand": "HP", "category": 7, "seller": "Mimi", "title": "Great Product", "picture": "reviews/rsz_helenas_closet_05.jpg", "review": "I love it sooooo much", "ip": "", "created_at": "2024-10-20T20:43:20.104Z", "updated_at": "2024-11-03T11:00:55.936Z", "status": true, "rating": 4}}, {"model": "app.review", "pk": 3, "fields": {"user": 2, "product_name": "HP Laptop", "brand": null, "category": 2, "seller": "Nadia Bakery", "title": "Impressed", "picture": "reviews/richradwilliampng.png", "review": "I am impressed", "ip": "127.0.0.1", "created_at": "2024-11-03T14:51:18.970Z", "updated_at": "2024-11-03T14:51:18.970Z", "status": true, "rating": 5}}, {"model": "app.review", "pk": 6, "fields": {"user": 2, "product_name": "Hair dressing", "brand": null, "category": 8, "seller": "Mama Saloon", "title": "Fantabulous", "picture": "reviews/IMG-20240315-WA0009.jpg", "review": "I was very impressed by the service I received.", "ip": "127.0.0.1", "created_at": "2024-11-03T15:19:08.733Z", "updated_at": "2024-11-03T15:19:08.733Z", "status": true, "rating": 5}}, {"model": "app.comment", "pk": 1, "fields": {"user": 2, "created_at": "2024-11-03T10:53:20.070Z", "content": "Yes I agree ooooo", "review": null}}, {"model": "app.comment", "pk": 2, "fields": {"user": 2, "created_at": "2024-11-03T10:54:12.983Z", "content": "Yes I agree ooooo", "review": null}}, {"model": "app.comment", "pk": 3, "fields": {"user": 2, "created_at": "2024-11-03T10:55:03.702Z", "content": "Yes I agree ooooo", "review": null}}, {"model": "app.comment", "pk": 4, "fields": {"user": 2, "created_at": "2024-11-03T10:55:15.050Z", "content": "Yes I agree ooooo", "review": null}}, {"model": "app.comment", "pk": 5, "fields": {"user": 2, "created_at": "2024-11-03T10:55:24.980Z", "content": "Yes I agree ooooo", "review": null}}, {"model": "app.comment", "pk": 6, "fields": {"user": 2, "created_at": "2024-11-03T10:57:22.683Z", "content": "Yes I agree ooooo", "review": null}}, {"model": "app.comment", "pk": 7, "fields": {"user": 2, "created_at": "2024-11-03T10:59:33.291Z", "content": "hellooooo", "review": null}}, {"model": "app.comment", "pk": 8, "fields": {"user": 2, "created_at": "2024-11-03T10:59:39.930Z", "content": "Yes I agree ooooo", "review": null}}, {"model": "app.comment", "pk": 9, "fields": {"user": 2, "created_at": "2024-11-03T11:00:11.310Z", "content": "Yes I agree ooooo", "review": null}}, {"model": "app.comment", "pk": 10, "fields": {"user": 2, "created_at": "2024-11-03T11:05:36.008Z", "content": "Yes I agree ooooo", "review": null}}, {"model": "app.comment", "pk": 11, "fields": {"user": 2, "created_at": "2024-11-03T11:08:45.238Z", "content": "Yes I agree ooooo", "review": null}}, {"model": "app.comment", "pk": 12, "fields": {"user": 2, "created_at": "2024-11-03T11:09:12.587Z", "content": "Yes I agree ooooo", "review": null}}, {"model": "app.comment", "pk": 13, "fields": {"user": 2, "created_at": "2024-11-03T11:09:18.716Z", "content": "Yes I agree ooooo", "review": null}}, {"model": "app.comment", "pk": 14, "fields": {"user": 2, "created_at": "2024-11-03T11:12:12.452Z", "content": "Yes I agree ooooo", "review": null}}, {"model": "app.comment", "pk": 15, "fields": {"user": 2, "created_at": "2024-11-03T11:12:17.064Z", "content": "Yes I agree ooooo", "review": null}}, {"model": "app.comment", "pk": 16, "fields": {"user": 2, "created_at": "2024-11-03T11:12:28.133Z", "content": "POOOOOOOOOOOOOOOOO", "review": null}}, {"model": "app.comment", "pk": 17, "fields": {"user": 2, "created_at": "2024-11-03T12:16:51.899Z", "content": "Yes I agree ooooo", "review": null}}, {"model": "app.comment", "pk": 18, "fields": {"user": 2, "created_at": "2024-11-03T12:17:01.408Z", "content": "Yes I agree ooooo", "review": null}}, {"model": "app.comment", "pk": 19, "fields": {"user": 2, "created_at": "2024-11-03T12:46:50.234Z", "content": "ANOTHER ONE", "review": 1}}, {"model": "app.comment", "pk": 20, "fields": {"user": 2, "created_at": "2024-11-03T12:53:19.629Z", "content": "I AGREE", "review": 2}}, {"model": "app.comment", "pk": 21, "fields": {"user": 2, "created_at": "2024-11-03T12:47:24.502Z", "content": "hellooooo", "review": 2}}, {"model": "app.comment", "pk": 22, "fields": {"user": 2, "created_at": "2024-11-03T12:42:29.781Z", "content": "Yes I agree ooooo", "review": null}}, {"model": "app.comment", "pk": 23, "fields": {"user": 2, "created_at": "2024-11-03T12:45:11.681Z", "content": "Yes I agree ooooo", "review": null}}, {"model": "app.comment", "pk": 24, "fields": {"user": 2, "created_at": "2024-11-03T13:06:18.649Z", "content": "I loved their products", "review": 2}}, {"model": "app.comment", "pk": 25, "fields": {"user": 2, "created_at": "2024-11-03T13:11:11.023Z", "content": "Uche stores is the best.", "review": 1}}, {"model": "app.comment", "pk": 26, "fields": {"user": 2, "created_at": "2024-11-03T13:28:22.447Z", "content": "They were very polite too!", "review": 1}}, {"model": "app.message", "pk": 1, "fields": {"sender": 3, "receiver": 3, "content": "Hi!", "timestamp": "2024-10-17T21:02:23.339Z", "is_read": false}}, {"model": "app.message", "pk": 2, "fields": {"sender": 3, "receiver": 3, "content": "Hi!", "timestamp": "2024-10-17T21:02:43.623Z", "is_read": false}}, {"model": "app.message", "pk": 3, "fields": {"sender": 3, "receiver": 3, "content": "Hello there!", "timestamp": "2024-10-17T21:05:46.680Z", "is_read": false}}, {"model": "app.message", "pk": 4, "fields": {"sender": 3, "receiver": 2, "content": "Hi!", "timestamp": "2024-10-17T21:18:20.563Z", "is_read": false}}, {"model": "app.message", "pk": 5, "fields": {"sender": 3, "receiver": 2, "content": "Hi!", "timestamp": "2024-10-17T21:18:45.468Z", "is_read": false}}, {"model": "app.message", "pk": 6, "fields": {"sender": 3, "receiver": 2, "content": "Hi!", "timestamp": "2024-10-17T21:18:50.559Z", "is_read": false}}, {"model": "app.message", "pk": 7, "fields": {"sender": 3, "receiver": 3, "content": "Hello", "timestamp": "2024-10-17T21:19:00.582Z", "is_read": false}}, {"model": "app.message", "pk": 8, "fields": {"sender": 3, "receiver": 2, "content": "Hi!", "timestamp": "2024-10-17T21:22:08.951Z", "is_read": false}}, {"model": "app.message", "pk": 9, "fields": {"sender": 3, "receiver": 2, "content": "hellloooooo", "timestamp": "2024-10-17T21:26:33.227Z", "is_read": false}}, {"model": "app.message", "pk": 10, "fields": {"sender": 3, "receiver": 2, "content": "can you hear me now???", "timestamp": "2024-10-17T21:28:53.272Z", "is_read": false}}, {"model": "app.message", "pk": 11, "fields": {"sender": 3, "receiver": 2, "content": "How are you doing??", "timestamp": "2024-10-17T21:30:52.170Z", "is_read": false}}, {"model": "app.message", "pk": 12, "fields": {"sender": 4, "receiver": 2, "content": "Hello Bornor", "timestamp": "2024-10-19T08:00:20.248Z", "is_read": false}}, {"model": "app.message", "pk": 13, "fields": {"sender": 2, "receiver": 4, "content": "Yes man!", "timestamp": "2024-10-19T08:00:59.726Z", "is_read": false}}, {"model": "app.room", "pk": 1, "fields": {"name": "Coders"}}, {"model": "app.room", "pk": 2, "fields": {"name": "coders"}}, {"model": "app.room", "pk": 3, "fields": {"name": "New Room"}}, {"model": "app.room", "pk": 4, "fields": {"name": "New New"}}, {"model": "app.room", "pk": 5, "fields": {"name": "nother one"}}, {"model": "app.room", "pk": 6, "fields": {"name": "Programming"}}, {"model": "app.room", "pk": 7, "fields": {"name": "FINGER CROSSED"}}, {"model": "app.roommessage", "pk": 1, "fields": {"user": 2, "value": "I am trying again", "date": "2024-10-19T13:27:13.101Z", "room": 3}}, {"model": "app.roommessage", "pk": 2, "fields": {"user": 2, "value": "You understand", "date": "2024-10-19T13:32:37.248Z", "room": 3}}, {"model": "app.roommessage", "pk": 3, "fields": {"user": 2, "value": "Sent to you!11", "date": "2024-10-19T13:32:59.433Z", "room": 3}}, {"model": "app.roommessage", "pk": 4, "fields": {"user": 2, "value": "I AM HAPPY NOW!!", "date": "2024-10-19T13:34:13.893Z", "room": 3}}, {"model": "app.roommessage", "pk": 5, "fields": {"user": 2, "value": "YES OOOOO!!!", "date": "2024-10-19T13:36:56.707Z", "room": 1}}, {"model": "app.roommessage", "pk": 6, "fields": {"user": 2, "value": "Hello", "date": "2024-10-19T14:16:46.940Z", "room": 1}}, {"model": "app.roommessage", "pk": 7, "fields": {"user": 2, "value": "Hello brother", "date": "2024-10-19T14:17:08.203Z", "room": 1}}, {"model": "app.roommessage", "pk": 8, "fields": {"user": 2, "value": "Another", "date": "2024-10-19T14:22:01.307Z", "room": 1}}, {"model": "app.roommessage", "pk": 9, "fields": {"user": 2, "value": "hello man", "date": "2024-10-19T14:31:16.127Z", "room": 1}}, {"model": "app.roommessage", "pk": 10, "fields": {"user": 4, "value": "I am new here, what is going on?", "date": "2024-10-19T14:34:10.280Z", "room": 1}}, {"model": "app.roommessage", "pk": 11, "fields": {"user": 2, "value": "Hello My Man", "date": "2024-10-19T14:57:37.721Z", "room": 4}}, {"model": "app.roommessage", "pk": 12, "fields": {"user": 2, "value": "Hello my man", "date": "2024-10-19T14:57:50.016Z", "room": 4}}, {"model": "app.roommessage", "pk": 13, "fields": {"user": 2, "value": "Yes ooooo", "date": "2024-10-19T14:59:57.363Z", "room": 5}}, {"model": "app.roommessage", "pk": 14, "fields": {"user": 4, "value": "I am the new admin", "date": "2024-10-19T15:06:56.502Z", "room": 6}}, {"model": "app.roommessage", "pk": 15, "fields": {"user": 2, "value": "Ofcourse I know. wagwan", "date": "2024-10-19T15:07:12.910Z", "room": 6}}, {"model": "app.roommessage", "pk": 16, "fields": {"user": 4, "value": "I can't even do anything here though.", "date": "2024-10-19T15:07:30.074Z", "room": 6}}, {"model": "app.roommessage", "pk": 17, "fields": {"user": 4, "value": "This is just so simple!", "date": "2024-10-19T15:07:49.064Z", "room": 6}}, {"model": "app.passwordreset", "pk": 1, "fields": {"user": 3, "reset_id": "af2db4bc-9566-4a1d-a12c-578b66852e84", "created_at": "2024-11-11T19:35:21.488Z"}}, {"model": "app.passwordreset", "pk": 2, "fields": {"user": 3, "reset_id": "9148d070-4eb2-49cc-a2b8-4d87dab3e371", "created_at": "2024-11-11T19:44:09.203Z"}}, {"model": "app.passwordreset", "pk": 3, "fields": {"user": 3, "reset_id": "3c665fb9-9192-43b2-b6de-06052c4bb896", "created_at": "2024-11-11T20:07:44.778Z"}}, {"model": "app.passwordreset", "pk": 4, "fields": {"user": 3, "reset_id": "985fc37b-d346-4092-a13a-8d16fb60eecb", "created_at": "2024-11-11T20:12:21.535Z"}}, {"model": "app.passwordreset", "pk": 5, "fields": {"user": 3, "reset_id": "957a7419-260a-4440-96f3-e5140970f58a", "created_at": "2024-11-11T20:14:21.274Z"}}, {"model": "app.passwordreset", "pk": 7, "fields": {"user": 2, "reset_id": "20354d8c-ac51-4f71-98cf-37dcd4bd953a", "created_at": "2024-11-12T16:15:03.731Z"}}, {"model": "app.passwordreset", "pk": 8, "fields": {"user": 2, "reset_id": "d148ff7f-c163-4d3e-914e-96bf6cf156a9", "created_at": "2024-11-12T16:15:12.262Z"}}, {"model": "app.passwordreset", "pk": 9, "fields": {"user": 3, "reset_id": "fb46e918-1e8e-4ad8-936d-5559cc691d53", "created_at": "2024-11-12T16:15:26.634Z"}}, {"model": "app.passwordreset", "pk": 10, "fields": {"user": 3, "reset_id": "1581cc23-f43f-4ab0-ae08-4f2fbb4961da", "created_at": "2024-11-12T16:16:06.977Z"}}, {"model": "app.passwordreset", "pk": 11, "fields": {"user": 2, "reset_id": "6570e267-445d-4ea8-87d1-c0d0d2675aea", "created_at": "2024-11-12T16:34:23.096Z"}}, {"model": "app.passwordreset", "pk": 12, "fields": {"user": 2, "reset_id": "2fbc872e-775b-4c07-9b5c-db9bbe30e8f3", "created_at": "2024-11-13T13:26:53.059Z"}}, {"model": "app.passwordreset", "pk": 13, "fields": {"user": 2, "reset_id": "fff594ad-74e3-4e8d-b612-b362f8fc7aa0", "created_at": "2024-11-13T13:28:05.027Z"}}, {"model": "app.passwordreset", "pk": 14, "fields": {"user": 2, "reset_id": "bce0ba7c-ad3e-4280-b625-429768096efa", "created_at": "2024-11-13T14:05:45.277Z"}}, {"model": "app.passwordreset", "pk": 15, "fields": {"user": 2, "reset_id": "a9c9403b-6f17-494e-979d-57f458e40c54", "created_at": "2024-11-13T14:09:42.765Z"}}, {"model": "app.passwordreset", "pk": 16, "fields": {"user": 3, "reset_id": "fc2c6ef9-02a5-4f1d-876c-ac0f4c7e180b", "created_at": "2024-11-13T14:13:44.110Z"}}, {"model": "app.passwordreset", "pk": 17, "fields": {"user": 2, "reset_id": "3f68d500-16ad-4ac1-8f80-23c48d343f31", "created_at": "2024-11-13T14:58:43.647Z"}}, {"model": "app.newsletter", "pk": 1, "fields": {"email": "Bornorbang@gmail.com", "created_at": "2024-11-12T17:06:20.704Z"}}, {"model": "app.newsletter", "pk": 2, "fields": {"email": "Fabricetamgue11ss@gmail.com", "created_at": "2024-11-12T17:08:26.744Z"}}]
